'id', 'name', 'type1', 'type2', 'imageurl', 'sprite', 'stats' 
"1", "Bulbasaur", "Grass", "Poison", "http://vignette4.wikia.nocookie.net/nintendo/images/4/43/Bulbasaur.png/revision/latest?cb=20141002083518&path-prefix=en", "https://raw.githubusercontent.com/PokeAPI/sprites/master/sprites/pokemon/1.png", "{'speed':45,'special-defense':65,'special-attack':65,'defense':49,'attack':49,'hp':45}"
"2", "Ivysaur", "Grass", "Poison", "http://vignette3.wikia.nocookie.net/nintendo/images/8/86/Ivysaur.png/revision/latest?cb=20141002083450&path-prefix=en", "https://raw.githubusercontent.com/PokeAPI/sprites/master/sprites/pokemon/2.png", "{'speed':60,'special-defense':80,'special-attack':80,'defense':63,'attack':62,'hp':60}"
"3", "Venusaur", "Grass", "Poison", "http://vignette2.wikia.nocookie.net/nintendo/images/b/be/Venusaur.png/revision/latest?cb=20141002083423&path-prefix=en", "https://raw.githubusercontent.com/PokeAPI/sprites/master/sprites/pokemon/3.png", "{'speed':80,'special-defense':100,'special-attack':100,'defense':83,'attack':82,'hp':80}"
"4", "Charmander", "Fire", "", "http://vignette1.wikia.nocookie.net/nintendo/images/5/56/Charmander.png/revision/latest?cb=20141002083351&path-prefix=en", "https://raw.githubusercontent.com/PokeAPI/sprites/master/sprites/pokemon/4.png", "{'speed':65,'special-defense':50,'special-attack':60,'defense':43,'attack':52,'hp':39}"
"5", "Charmeleon", "Fire", "", "http://vignette2.wikia.nocookie.net/nintendo/images/f/fb/Charmeleon.png/revision/latest?cb=20141002083329&path-prefix=en", "https://raw.githubusercontent.com/PokeAPI/sprites/master/sprites/pokemon/5.png", "{'speed':80,'special-defense':65,'special-attack':80,'defense':58,'attack':64,'hp':58}"
"6", "Charizard", "Fire", "Flying", "http://vignette2.wikia.nocookie.net/nintendo/images/9/95/Charizard.png/revision/latest?cb=20141002083306&path-prefix=en", "https://raw.githubusercontent.com/PokeAPI/sprites/master/sprites/pokemon/6.png", "{'speed':100,'special-defense':85,'special-attack':109,'defense':78,'attack':84,'hp':78}"
"7", "Squirtle", "Water", "", "http://vignette2.wikia.nocookie.net/nintendo/images/e/e3/Squirtle.png/revision/latest?cb=20141002083243&path-prefix=en", "https://raw.githubusercontent.com/PokeAPI/sprites/master/sprites/pokemon/7.png", "{'speed':43,'special-defense':64,'special-attack':50,'defense':65,'attack':48,'hp':44}"
"8", "Wartortle", "Water", "", "http://vignette2.wikia.nocookie.net/nintendo/images/d/d7/Wartortle.png/revision/latest?cb=20141002083217&path-prefix=en", "https://raw.githubusercontent.com/PokeAPI/sprites/master/sprites/pokemon/8.png", "{'speed':58,'special-defense':80,'special-attack':65,'defense':80,'attack':63,'hp':59}"
"9", "Blastoise", "Water", "", "http://vignette1.wikia.nocookie.net/nintendo/images/4/41/Blastoise.png/revision/latest?cb=20141002083147&path-prefix=en", "https://raw.githubusercontent.com/PokeAPI/sprites/master/sprites/pokemon/9.png", "{'speed':78,'special-defense':105,'special-attack':85,'defense':100,'attack':83,'hp':79}"
"10", "Caterpie", "Bug", "", "http://vignette1.wikia.nocookie.net/nintendo/images/0/05/Caterpie.png/revision/latest?cb=20141002083123&path-prefix=en", "https://raw.githubusercontent.com/PokeAPI/sprites/master/sprites/pokemon/10.png", "{'speed':45,'special-defense':20,'special-attack':20,'defense':35,'attack':30,'hp':45}"
"11", "Metapod", "Bug", "", "http://vignette1.wikia.nocookie.net/nintendo/images/6/6b/Metapod.png/revision/latest?cb=20141002083057&path-prefix=en", "https://raw.githubusercontent.com/PokeAPI/sprites/master/sprites/pokemon/11.png", "{'speed':30,'special-defense':25,'special-attack':25,'defense':55,'attack':20,'hp':50}"
"12", "Butterfree", "Bug", "Flying", "http://vignette2.wikia.nocookie.net/nintendo/images/9/96/Butterfree.png/revision/latest?cb=20141002083032&path-prefix=en", "https://raw.githubusercontent.com/PokeAPI/sprites/master/sprites/pokemon/12.png", "{'speed':70,'special-defense':80,'special-attack':90,'defense':50,'attack':45,'hp':60}"
"13", "Weedle", "Bug", "Poison", "http://vignette4.wikia.nocookie.net/nintendo/images/d/d6/Weedle.png/revision/latest?cb=20141002083010&path-prefix=en", "https://raw.githubusercontent.com/PokeAPI/sprites/master/sprites/pokemon/13.png", "{'speed':50,'special-defense':20,'special-attack':20,'defense':30,'attack':35,'hp':40}"
"14", "Kakuna", "Bug", "Poison", "http://vignette2.wikia.nocookie.net/nintendo/images/6/63/Kakuna.png/revision/latest?cb=20141002082941&path-prefix=en", "https://raw.githubusercontent.com/PokeAPI/sprites/master/sprites/pokemon/14.png", "{'speed':35,'special-defense':25,'special-attack':25,'defense':50,'attack':25,'hp':45}"
"15", "Beedrill", "Bug", "Poison", "http://vignette3.wikia.nocookie.net/nintendo/images/0/0d/Beedrill.png/revision/latest?cb=20141002082900&path-prefix=en", "https://raw.githubusercontent.com/PokeAPI/sprites/master/sprites/pokemon/15.png", "{'speed':75,'special-defense':80,'special-attack':45,'defense':40,'attack':90,'hp':65}"
"16", "Pidgey", "Normal", "Flying", "http://vignette2.wikia.nocookie.net/nintendo/images/b/b7/Pidgey.png/revision/latest?cb=20141002082835&path-prefix=en", "https://raw.githubusercontent.com/PokeAPI/sprites/master/sprites/pokemon/16.png", "{'speed':56,'special-defense':35,'special-attack':35,'defense':40,'attack':45,'hp':40}"
"17", "Pidgeotto", "Normal", "Flying", "http://vignette2.wikia.nocookie.net/nintendo/images/5/57/Pidgeotto.png/revision/latest?cb=20141002082803&path-prefix=en", "https://raw.githubusercontent.com/PokeAPI/sprites/master/sprites/pokemon/17.png", "{'speed':71,'special-defense':50,'special-attack':50,'defense':55,'attack':60,'hp':63}"
"18", "Pidgeot", "Normal", "Flying", "http://vignette4.wikia.nocookie.net/nintendo/images/a/a9/Pidgeot.png/revision/latest?cb=20141002082735&path-prefix=en", "https://raw.githubusercontent.com/PokeAPI/sprites/master/sprites/pokemon/18.png", "{'speed':101,'special-defense':70,'special-attack':70,'defense':75,'attack':80,'hp':83}"
"19", "Rattata", "Normal", "", "http://vignette3.wikia.nocookie.net/nintendo/images/c/c4/Rattata.png/revision/latest?cb=20141002082710&path-prefix=en", "https://raw.githubusercontent.com/PokeAPI/sprites/master/sprites/pokemon/19.png", "{'speed':72,'special-defense':35,'special-attack':25,'defense':35,'attack':56,'hp':30}"
"20", "Raticate", "Normal", "", "http://vignette2.wikia.nocookie.net/nintendo/images/d/d6/Raticate.png/revision/latest?cb=20141002082646&path-prefix=en", "https://raw.githubusercontent.com/PokeAPI/sprites/master/sprites/pokemon/20.png", "{'speed':97,'special-defense':70,'special-attack':50,'defense':60,'attack':81,'hp':55}"
"21", "Spearow", "Normal", "Flying", "http://vignette3.wikia.nocookie.net/nintendo/images/a/a1/Spearow.png/revision/latest?cb=20141002082622&path-prefix=en", "https://raw.githubusercontent.com/PokeAPI/sprites/master/sprites/pokemon/21.png", "{'speed':70,'special-defense':31,'special-attack':31,'defense':30,'attack':60,'hp':40}"
"22", "Fearow", "Normal", "Flying", "http://vignette1.wikia.nocookie.net/nintendo/images/4/41/Fearow.png/revision/latest?cb=20160509230225&path-prefix=en", "https://raw.githubusercontent.com/PokeAPI/sprites/master/sprites/pokemon/22.png", "{'speed':100,'special-defense':61,'special-attack':61,'defense':65,'attack':90,'hp':65}"
"23", "Ekans", "Poison", "", "http://vignette3.wikia.nocookie.net/nintendo/images/1/11/Ekans.png/revision/latest?cb=20141002082500&path-prefix=en", "https://raw.githubusercontent.com/PokeAPI/sprites/master/sprites/pokemon/23.png", "{'speed':55,'special-defense':54,'special-attack':40,'defense':44,'attack':60,'hp':35}"
"24", "Arbok", "Poison", "", "http://vignette2.wikia.nocookie.net/nintendo/images/4/4d/Arbok.png/revision/latest?cb=20141002082434&path-prefix=en", "https://raw.githubusercontent.com/PokeAPI/sprites/master/sprites/pokemon/24.png", "{'speed':80,'special-defense':79,'special-attack':65,'defense':69,'attack':95,'hp':60}"
"25", "Pikachu", "Electric", "", "http://vignette2.wikia.nocookie.net/nintendo/images/7/77/Pikachu.png/revision/latest?cb=20141002082401&path-prefix=en", "https://raw.githubusercontent.com/PokeAPI/sprites/master/sprites/pokemon/25.png", "{'speed':90,'special-defense':50,'special-attack':50,'defense':40,'attack':55,'hp':35}"
"26", "Raichu", "Electric", "", "http://vignette2.wikia.nocookie.net/nintendo/images/3/34/Raichu.png/revision/latest?cb=20141002082334&path-prefix=en", "https://raw.githubusercontent.com/PokeAPI/sprites/master/sprites/pokemon/26.png", "{'speed':110,'special-defense':80,'special-attack':90,'defense':55,'attack':90,'hp':60}"
"27", "Sandshrew", "Ground", "", "http://vignette1.wikia.nocookie.net/nintendo/images/d/df/Sandshrew.png/revision/latest?cb=20141002082307&path-prefix=en", "https://raw.githubusercontent.com/PokeAPI/sprites/master/sprites/pokemon/27.png", "{'speed':40,'special-defense':30,'special-attack':20,'defense':85,'attack':75,'hp':50}"
"28", "Sandslash", "Ground", "", "http://vignette3.wikia.nocookie.net/nintendo/images/1/13/Sandslash.png/revision/latest?cb=20141002082238&path-prefix=en", "https://raw.githubusercontent.com/PokeAPI/sprites/master/sprites/pokemon/28.png", "{'speed':65,'special-defense':55,'special-attack':45,'defense':110,'attack':100,'hp':75}"
"29", "Nidoran-f", "Poison", "", "http://vignette2.wikia.nocookie.net/nintendo/images/7/74/NidoranF.png/revision/latest?cb=20151022215843&path-prefix=en", "https://raw.githubusercontent.com/PokeAPI/sprites/master/sprites/pokemon/29.png", "{'speed':41,'special-defense':40,'special-attack':40,'defense':52,'attack':47,'hp':55}"
"30", "Nidorina", "Poison", "", "http://vignette4.wikia.nocookie.net/nintendo/images/3/31/Nidorina.png/revision/latest?cb=20141002082133&path-prefix=en", "https://raw.githubusercontent.com/PokeAPI/sprites/master/sprites/pokemon/30.png", "{'speed':56,'special-defense':55,'special-attack':55,'defense':67,'attack':62,'hp':70}"
"31", "Nidoqueen", "Poison", "Ground", "http://vignette2.wikia.nocookie.net/nintendo/images/4/43/Nidoqueen.png/revision/latest?cb=20151022215827&path-prefix=en", "https://raw.githubusercontent.com/PokeAPI/sprites/master/sprites/pokemon/31.png", "{'speed':76,'special-defense':85,'special-attack':75,'defense':87,'attack':92,'hp':90}"
"32", "Nidoran-m", "Poison", "", "http://vignette1.wikia.nocookie.net/nintendo/images/9/91/NidoranM.png/revision/latest?cb=20151022215854&path-prefix=en", "https://raw.githubusercontent.com/PokeAPI/sprites/master/sprites/pokemon/32.png", "{'speed':50,'special-defense':40,'special-attack':40,'defense':40,'attack':57,'hp':46}"
"33", "Nidorino", "Poison", "", "http://vignette2.wikia.nocookie.net/nintendo/images/7/7a/Nidorino.png/revision/latest?cb=20151022215909&path-prefix=en", "https://raw.githubusercontent.com/PokeAPI/sprites/master/sprites/pokemon/33.png", "{'speed':65,'special-defense':55,'special-attack':55,'defense':57,'attack':72,'hp':61}"
"34", "Nidoking", "Poison", "Ground", "http://vignette3.wikia.nocookie.net/nintendo/images/7/76/Nidoking.png/revision/latest?cb=20141002081956&path-prefix=en", "https://raw.githubusercontent.com/PokeAPI/sprites/master/sprites/pokemon/34.png", "{'speed':85,'special-defense':75,'special-attack':85,'defense':77,'attack':102,'hp':81}"
"35", "Clefairy", "Fairy", "", "http://vignette2.wikia.nocookie.net/nintendo/images/d/d2/Clefairy.png/revision/latest?cb=20110917211807&path-prefix=en", "https://raw.githubusercontent.com/PokeAPI/sprites/master/sprites/pokemon/35.png", "{'speed':35,'special-defense':65,'special-attack':60,'defense':48,'attack':45,'hp':70}"
"36", "Clefable", "Fairy", "", "http://vignette2.wikia.nocookie.net/nintendo/images/d/d5/Clefable.png/revision/latest?cb=20141002081855&path-prefix=en", "https://raw.githubusercontent.com/PokeAPI/sprites/master/sprites/pokemon/36.png", "{'speed':60,'special-defense':90,'special-attack':95,'defense':73,'attack':70,'hp':95}"
"37", "Vulpix", "Fire", "", "http://vignette3.wikia.nocookie.net/nintendo/images/8/8d/Vulpix.png/revision/latest?cb=20141002081824&path-prefix=en", "https://raw.githubusercontent.com/PokeAPI/sprites/master/sprites/pokemon/37.png", "{'speed':65,'special-defense':65,'special-attack':50,'defense':40,'attack':41,'hp':38}"
"38", "Ninetales", "Fire", "", "http://vignette3.wikia.nocookie.net/nintendo/images/9/98/Ninetales.png/revision/latest?cb=20141002081754&path-prefix=en", "https://raw.githubusercontent.com/PokeAPI/sprites/master/sprites/pokemon/38.png", "{'speed':100,'special-defense':100,'special-attack':81,'defense':75,'attack':76,'hp':73}"
"39", "Jigglypuff", "Normal", "Fairy", "http://vignette2.wikia.nocookie.net/nintendo/images/a/af/Jigglypuff.png/revision/latest?cb=20141002081555&path-prefix=en", "https://raw.githubusercontent.com/PokeAPI/sprites/master/sprites/pokemon/39.png", "{'speed':20,'special-defense':25,'special-attack':45,'defense':20,'attack':45,'hp':115}"
"40", "Wigglytuff", "Normal", "Fairy", "http://vignette3.wikia.nocookie.net/nintendo/images/f/f1/Wigglytuff.png/revision/latest?cb=20151020172719&path-prefix=en", "https://raw.githubusercontent.com/PokeAPI/sprites/master/sprites/pokemon/40.png", "{'speed':45,'special-defense':50,'special-attack':85,'defense':45,'attack':70,'hp':140}"
"41", "Zubat", "Poison", "Flying", "http://vignette3.wikia.nocookie.net/nintendo/images/6/67/Zubat.png/revision/latest?cb=20141002081438&path-prefix=en", "https://raw.githubusercontent.com/PokeAPI/sprites/master/sprites/pokemon/41.png", "{'speed':55,'special-defense':40,'special-attack':30,'defense':35,'attack':45,'hp':40}"
"42", "Golbat", "Poison", "Flying", "http://vignette1.wikia.nocookie.net/nintendo/images/2/2c/Golbat.png/revision/latest?cb=20160226131643&path-prefix=en", "https://raw.githubusercontent.com/PokeAPI/sprites/master/sprites/pokemon/42.png", "{'speed':90,'special-defense':75,'special-attack':65,'defense':70,'attack':80,'hp':75}"
"43", "Oddish", "Grass", "Poison", "http://vignette4.wikia.nocookie.net/nintendo/images/d/d9/Oddish.png/revision/latest?cb=20141002081340&path-prefix=en", "https://raw.githubusercontent.com/PokeAPI/sprites/master/sprites/pokemon/43.png", "{'speed':30,'special-defense':65,'special-attack':75,'defense':55,'attack':50,'hp':45}"
"44", "Gloom", "Grass", "Poison", "http://vignette1.wikia.nocookie.net/nintendo/images/5/59/Gloom.png/revision/latest?cb=20141002081313&path-prefix=en", "https://raw.githubusercontent.com/PokeAPI/sprites/master/sprites/pokemon/44.png", "{'speed':40,'special-defense':75,'special-attack':85,'defense':70,'attack':65,'hp':60}"
"45", "Vileplume", "Grass", "Poison", "http://vignette4.wikia.nocookie.net/nintendo/images/3/32/Vileplume.png/revision/latest?cb=20141002081242&path-prefix=en", "https://raw.githubusercontent.com/PokeAPI/sprites/master/sprites/pokemon/45.png", "{'speed':50,'special-defense':90,'special-attack':110,'defense':85,'attack':80,'hp':75}"
"46", "Paras", "Bug", "Grass", "http://vignette1.wikia.nocookie.net/nintendo/images/e/ee/Paras.png/revision/latest?cb=20111101142258&path-prefix=en", "https://raw.githubusercontent.com/PokeAPI/sprites/master/sprites/pokemon/46.png", "{'speed':25,'special-defense':55,'special-attack':45,'defense':55,'attack':70,'hp':35}"
"47", "Parasect", "Bug", "Grass", "http://vignette1.wikia.nocookie.net/nintendo/images/6/62/Parasect.png/revision/latest?cb=20141002081144&path-prefix=en", "https://raw.githubusercontent.com/PokeAPI/sprites/master/sprites/pokemon/47.png", "{'speed':30,'special-defense':80,'special-attack':60,'defense':80,'attack':95,'hp':60}"
"48", "Venonat", "Bug", "Poison", "http://vignette4.wikia.nocookie.net/nintendo/images/d/d3/Venonat.png/revision/latest?cb=20160505181228&path-prefix=en", "https://raw.githubusercontent.com/PokeAPI/sprites/master/sprites/pokemon/48.png", "{'speed':45,'special-defense':55,'special-attack':40,'defense':50,'attack':55,'hp':60}"
"49", "Venomoth", "Bug", "Poison", "http://vignette1.wikia.nocookie.net/nintendo/images/c/c2/Venomoth.png/revision/latest?cb=20141002081030&path-prefix=en", "https://raw.githubusercontent.com/PokeAPI/sprites/master/sprites/pokemon/49.png", "{'speed':90,'special-defense':75,'special-attack':90,'defense':60,'attack':65,'hp':70}"
"50", "Diglett", "Ground", "", "http://vignette3.wikia.nocookie.net/nintendo/images/7/7a/Diglett.png/revision/latest?cb=20141002081004&path-prefix=en", "https://raw.githubusercontent.com/PokeAPI/sprites/master/sprites/pokemon/50.png", "{'speed':95,'special-defense':45,'special-attack':35,'defense':25,'attack':55,'hp':10}"
"51", "Dugtrio", "Ground", "", "http://vignette2.wikia.nocookie.net/nintendo/images/8/8b/Dugtrio.png/revision/latest?cb=20161114145926&path-prefix=en", "https://raw.githubusercontent.com/PokeAPI/sprites/master/sprites/pokemon/51.png", "{'speed':120,'special-defense':70,'special-attack':50,'defense':50,'attack':100,'hp':35}"
"52", "Meowth", "Normal", "", "http://vignette1.wikia.nocookie.net/nintendo/images/9/99/Meowth.png/revision/latest?cb=20160811132041&path-prefix=en", "https://raw.githubusercontent.com/PokeAPI/sprites/master/sprites/pokemon/52.png", "{'speed':90,'special-defense':40,'special-attack':40,'defense':35,'attack':45,'hp':40}"
"53", "Persian", "Normal", "", "http://vignette1.wikia.nocookie.net/nintendo/images/b/b3/Persian.png/revision/latest?cb=20141002080840&path-prefix=en", "https://raw.githubusercontent.com/PokeAPI/sprites/master/sprites/pokemon/53.png", "{'speed':115,'special-defense':65,'special-attack':65,'defense':60,'attack':70,'hp':65}"
"54", "Psyduck", "Water", "", "http://vignette2.wikia.nocookie.net/nintendo/images/3/32/Psyduck.png/revision/latest?cb=20160509232356&path-prefix=en", "https://raw.githubusercontent.com/PokeAPI/sprites/master/sprites/pokemon/54.png", "{'speed':55,'special-defense':50,'special-attack':65,'defense':48,'attack':52,'hp':50}"
"55", "Golduck", "Water", "", "http://vignette3.wikia.nocookie.net/nintendo/images/c/cf/Golduck.png/revision/latest?cb=20141002080725&path-prefix=en", "https://raw.githubusercontent.com/PokeAPI/sprites/master/sprites/pokemon/55.png", "{'speed':85,'special-defense':80,'special-attack':95,'defense':78,'attack':82,'hp':80}"
"56", "Mankey", "Fighting", "", "http://vignette3.wikia.nocookie.net/nintendo/images/8/8b/Mankey.png/revision/latest?cb=20151020171140&path-prefix=en", "https://raw.githubusercontent.com/PokeAPI/sprites/master/sprites/pokemon/56.png", "{'speed':70,'special-defense':45,'special-attack':35,'defense':35,'attack':80,'hp':40}"
"57", "Primeape", "Fighting", "", "http://vignette1.wikia.nocookie.net/nintendo/images/e/e0/Primeape.png/revision/latest?cb=20151020171714&path-prefix=en", "https://raw.githubusercontent.com/PokeAPI/sprites/master/sprites/pokemon/57.png", "{'speed':95,'special-defense':70,'special-attack':60,'defense':60,'attack':105,'hp':65}"
"58", "Growlithe", "Fire", "", "http://vignette2.wikia.nocookie.net/nintendo/images/b/bb/Growlithe.png/revision/latest?cb=20141002080601&path-prefix=en", "https://raw.githubusercontent.com/PokeAPI/sprites/master/sprites/pokemon/58.png", "{'speed':60,'special-defense':50,'special-attack':70,'defense':45,'attack':70,'hp':55}"
"59", "Arcanine", "Fire", "", "http://vignette2.wikia.nocookie.net/nintendo/images/5/50/Arcanine.png/revision/latest?cb=20141002080533&path-prefix=en", "https://raw.githubusercontent.com/PokeAPI/sprites/master/sprites/pokemon/59.png", "{'speed':95,'special-defense':80,'special-attack':100,'defense':80,'attack':110,'hp':90}"
"60", "Poliwag", "Water", "", "http://vignette3.wikia.nocookie.net/nintendo/images/9/90/Poliwag.png/revision/latest?cb=20160509233602&path-prefix=en", "https://raw.githubusercontent.com/PokeAPI/sprites/master/sprites/pokemon/60.png", "{'speed':90,'special-defense':40,'special-attack':40,'defense':40,'attack':50,'hp':40}"
"61", "Poliwhirl", "Water", "", "http://vignette3.wikia.nocookie.net/nintendo/images/2/24/Poliwhirl.png/revision/latest?cb=20160804203710&path-prefix=en", "https://raw.githubusercontent.com/PokeAPI/sprites/master/sprites/pokemon/61.png", "{'speed':90,'special-defense':50,'special-attack':50,'defense':65,'attack':65,'hp':65}"
"62", "Poliwrath", "Water", "Fighting", "http://vignette2.wikia.nocookie.net/nintendo/images/8/85/Poliwrath.png/revision/latest?cb=20160509233622&path-prefix=en", "https://raw.githubusercontent.com/PokeAPI/sprites/master/sprites/pokemon/62.png", "{'speed':70,'special-defense':90,'special-attack':70,'defense':95,'attack':95,'hp':90}"
"63", "Abra", "Psychic", "", "http://vignette1.wikia.nocookie.net/nintendo/images/f/f6/Abra.png/revision/latest?cb=20141002080336&path-prefix=en", "https://raw.githubusercontent.com/PokeAPI/sprites/master/sprites/pokemon/63.png", "{'speed':90,'special-defense':55,'special-attack':105,'defense':15,'attack':20,'hp':25}"
"64", "Kadabra", "Psychic", "", "http://vignette2.wikia.nocookie.net/nintendo/images/b/b0/Kadabra.png/revision/latest?cb=20141002080307&path-prefix=en", "https://raw.githubusercontent.com/PokeAPI/sprites/master/sprites/pokemon/64.png", "{'speed':105,'special-defense':70,'special-attack':120,'defense':30,'attack':35,'hp':40}"
"65", "Alakazam", "Psychic", "", "http://vignette2.wikia.nocookie.net/nintendo/images/f/f5/Alakazam.png/revision/latest?cb=20141002080217&path-prefix=en", "https://raw.githubusercontent.com/PokeAPI/sprites/master/sprites/pokemon/65.png", "{'speed':120,'special-defense':95,'special-attack':135,'defense':45,'attack':50,'hp':55}"
"66", "Machop", "Fighting", "", "http://vignette1.wikia.nocookie.net/nintendo/images/2/2b/Machop.png/revision/latest?cb=20141002080148&path-prefix=en", "https://raw.githubusercontent.com/PokeAPI/sprites/master/sprites/pokemon/66.png", "{'speed':35,'special-defense':35,'special-attack':35,'defense':50,'attack':80,'hp':70}"
"67", "Machoke", "Fighting", "", "http://vignette1.wikia.nocookie.net/nintendo/images/c/ca/Machoke.png/revision/latest?cb=20141002080118&path-prefix=en", "https://raw.githubusercontent.com/PokeAPI/sprites/master/sprites/pokemon/67.png", "{'speed':45,'special-defense':60,'special-attack':50,'defense':70,'attack':100,'hp':80}"
"68", "Machamp", "Fighting", "", "http://vignette1.wikia.nocookie.net/nintendo/images/b/bf/Machamp.png/revision/latest?cb=20141002080045&path-prefix=en", "https://raw.githubusercontent.com/PokeAPI/sprites/master/sprites/pokemon/68.png", "{'speed':55,'special-defense':85,'special-attack':65,'defense':80,'attack':130,'hp':90}"
"69", "Bellsprout", "Grass", "Poison", "http://vignette4.wikia.nocookie.net/nintendo/images/d/d1/Bellsprout.png/revision/latest?cb=20141002080012&path-prefix=en", "https://raw.githubusercontent.com/PokeAPI/sprites/master/sprites/pokemon/69.png", "{'speed':40,'special-defense':30,'special-attack':70,'defense':35,'attack':75,'hp':50}"
"70", "Weepinbell", "Grass", "Poison", "http://vignette2.wikia.nocookie.net/nintendo/images/f/f9/Weepinbell.png/revision/latest?cb=20160524193835&path-prefix=en", "https://raw.githubusercontent.com/PokeAPI/sprites/master/sprites/pokemon/70.png", "{'speed':55,'special-defense':45,'special-attack':85,'defense':50,'attack':90,'hp':65}"
"71", "Victreebel", "Grass", "Poison", "http://vignette3.wikia.nocookie.net/nintendo/images/5/55/Victreebel.png/revision/latest?cb=20111102135829&path-prefix=en", "https://raw.githubusercontent.com/PokeAPI/sprites/master/sprites/pokemon/71.png", "{'speed':70,'special-defense':70,'special-attack':100,'defense':65,'attack':105,'hp':80}"
"72", "Tentacool", "Water", "Poison", "http://vignette2.wikia.nocookie.net/nintendo/images/4/43/Tentacool.png/revision/latest?cb=20141002075841&path-prefix=en", "https://raw.githubusercontent.com/PokeAPI/sprites/master/sprites/pokemon/72.png", "{'speed':70,'special-defense':100,'special-attack':50,'defense':35,'attack':40,'hp':40}"
"73", "Tentacruel", "Water", "Poison", "http://vignette1.wikia.nocookie.net/nintendo/images/7/78/Tentacruel.png/revision/latest?cb=20141002075755&path-prefix=en", "https://raw.githubusercontent.com/PokeAPI/sprites/master/sprites/pokemon/73.png", "{'speed':100,'special-defense':120,'special-attack':80,'defense':65,'attack':70,'hp':80}"
"74", "Geodude", "Rock", "Ground", "http://vignette3.wikia.nocookie.net/nintendo/images/1/12/Geodude.png/revision/latest?cb=20141002075657&path-prefix=en", "https://raw.githubusercontent.com/PokeAPI/sprites/master/sprites/pokemon/74.png", "{'speed':20,'special-defense':30,'special-attack':30,'defense':100,'attack':80,'hp':40}"
"75", "Graveler", "Rock", "Ground", "http://vignette3.wikia.nocookie.net/nintendo/images/b/b6/Graveler.png/revision/latest?cb=20141002075628&path-prefix=en", "https://raw.githubusercontent.com/PokeAPI/sprites/master/sprites/pokemon/75.png", "{'speed':35,'special-defense':45,'special-attack':45,'defense':115,'attack':95,'hp':55}"
"76", "Golem", "Rock", "Ground", "http://vignette4.wikia.nocookie.net/nintendo/images/c/ce/Golem.png/revision/latest?cb=20141002075555&path-prefix=en", "https://raw.githubusercontent.com/PokeAPI/sprites/master/sprites/pokemon/76.png", "{'speed':45,'special-defense':65,'special-attack':55,'defense':130,'attack':120,'hp':80}"
"77", "Ponyta", "Fire", "", "http://vignette1.wikia.nocookie.net/nintendo/images/5/5f/Ponyta.png/revision/latest?cb=20160509233419&path-prefix=en", "https://raw.githubusercontent.com/PokeAPI/sprites/master/sprites/pokemon/77.png", "{'speed':90,'special-defense':65,'special-attack':65,'defense':55,'attack':85,'hp':50}"
"78", "Rapidash", "Fire", "", "http://vignette4.wikia.nocookie.net/nintendo/images/0/01/Rapidash.png/revision/latest?cb=20141002075439&path-prefix=en", "https://raw.githubusercontent.com/PokeAPI/sprites/master/sprites/pokemon/78.png", "{'speed':105,'special-defense':80,'special-attack':80,'defense':70,'attack':100,'hp':65}"
"79", "Slowpoke", "Water", "Psychic", "http://vignette3.wikia.nocookie.net/nintendo/images/9/9b/Slowpoke.png/revision/latest?cb=20160509233724&path-prefix=en", "https://raw.githubusercontent.com/PokeAPI/sprites/master/sprites/pokemon/79.png", "{'speed':15,'special-defense':40,'special-attack':40,'defense':65,'attack':65,'hp':90}"
"80", "Slowbro", "Water", "Psychic", "http://vignette4.wikia.nocookie.net/nintendo/images/e/e1/Slowbro.png/revision/latest?cb=20141002075231&path-prefix=en", "https://raw.githubusercontent.com/PokeAPI/sprites/master/sprites/pokemon/80.png", "{'speed':30,'special-defense':80,'special-attack':100,'defense':110,'attack':75,'hp':95}"
"81", "Magnemite", "Electric", "Steel", "http://vignette2.wikia.nocookie.net/nintendo/images/8/80/Magnemite.png/revision/latest?cb=20141002075115&path-prefix=en", "https://raw.githubusercontent.com/PokeAPI/sprites/master/sprites/pokemon/81.png", "{'speed':45,'special-defense':55,'special-attack':95,'defense':70,'attack':35,'hp':25}"
"82", "Magneton", "Electric", "Steel", "http://vignette2.wikia.nocookie.net/nintendo/images/d/d1/Magneton.png/revision/latest?cb=20141002075041&path-prefix=en", "https://raw.githubusercontent.com/PokeAPI/sprites/master/sprites/pokemon/82.png", "{'speed':70,'special-defense':70,'special-attack':120,'defense':95,'attack':60,'hp':50}"
"83", "Farfetchd", "Normal", "Flying", "http://vignette3.wikia.nocookie.net/nintendo/images/f/fe/Farfetchd.png/revision/latest?cb=20141002075000&path-prefix=en", "https://raw.githubusercontent.com/PokeAPI/sprites/master/sprites/pokemon/83.png", "{'speed':60,'special-defense':62,'special-attack':58,'defense':55,'attack':90,'hp':52}"
"84", "Doduo", "Normal", "Flying", "http://vignette2.wikia.nocookie.net/nintendo/images/9/9c/Doduo.png/revision/latest?cb=20161112160321&path-prefix=en", "https://raw.githubusercontent.com/PokeAPI/sprites/master/sprites/pokemon/84.png", "{'speed':75,'special-defense':35,'special-attack':35,'defense':45,'attack':85,'hp':35}"
"85", "Dodrio", "Normal", "Flying", "http://vignette2.wikia.nocookie.net/nintendo/images/1/1a/Dodrio.png/revision/latest?cb=20141002074752&path-prefix=en", "https://raw.githubusercontent.com/PokeAPI/sprites/master/sprites/pokemon/85.png", "{'speed':110,'special-defense':60,'special-attack':60,'defense':70,'attack':110,'hp':60}"
"86", "Seel", "Water", "", "http://vignette2.wikia.nocookie.net/nintendo/images/f/f1/Seel.png/revision/latest?cb=20141002074712&path-prefix=en", "https://raw.githubusercontent.com/PokeAPI/sprites/master/sprites/pokemon/86.png", "{'speed':45,'special-defense':70,'special-attack':45,'defense':55,'attack':45,'hp':65}"
"87", "Dewgong", "Water", "Ice", "http://vignette3.wikia.nocookie.net/nintendo/images/1/1d/Dewgong.png/revision/latest?cb=20141002074637&path-prefix=en", "https://raw.githubusercontent.com/PokeAPI/sprites/master/sprites/pokemon/87.png", "{'speed':70,'special-defense':95,'special-attack':70,'defense':80,'attack':70,'hp':90}"
"88", "Grimer", "Poison", "", "http://vignette3.wikia.nocookie.net/nintendo/images/d/d7/Grimer.png/revision/latest?cb=20151020145749&path-prefix=en", "https://raw.githubusercontent.com/PokeAPI/sprites/master/sprites/pokemon/88.png", "{'speed':25,'special-defense':50,'special-attack':40,'defense':50,'attack':80,'hp':80}"
"89", "Muk", "Poison", "", "http://vignette4.wikia.nocookie.net/nintendo/images/8/8e/Muk.png/revision/latest?cb=20141002074427&path-prefix=en", "https://raw.githubusercontent.com/PokeAPI/sprites/master/sprites/pokemon/89.png", "{'speed':50,'special-defense':100,'special-attack':65,'defense':75,'attack':105,'hp':105}"
"90", "Shellder", "Water", "", "http://vignette3.wikia.nocookie.net/nintendo/images/6/63/Shellder.png/revision/latest?cb=20141002074219&path-prefix=en", "https://raw.githubusercontent.com/PokeAPI/sprites/master/sprites/pokemon/90.png", "{'speed':40,'special-defense':25,'special-attack':45,'defense':100,'attack':65,'hp':30}"
"91", "Cloyster", "Water", "Ice", "http://vignette3.wikia.nocookie.net/nintendo/images/7/71/Cloyster.png/revision/latest?cb=20141002083641&path-prefix=en", "https://raw.githubusercontent.com/PokeAPI/sprites/master/sprites/pokemon/91.png", "{'speed':70,'special-defense':45,'special-attack':85,'defense':180,'attack':95,'hp':50}"
"92", "Gastly", "Ghost", "Poison", "http://vignette2.wikia.nocookie.net/nintendo/images/c/c1/Gastly.png/revision/latest?cb=20141002083707&path-prefix=en", "https://raw.githubusercontent.com/PokeAPI/sprites/master/sprites/pokemon/92.png", "{'speed':80,'special-defense':35,'special-attack':100,'defense':30,'attack':35,'hp':30}"
"93", "Haunter", "Ghost", "Poison", "http://vignette4.wikia.nocookie.net/nintendo/images/4/41/Haunter.png/revision/latest?cb=20141002083742&path-prefix=en", "https://raw.githubusercontent.com/PokeAPI/sprites/master/sprites/pokemon/93.png", "{'speed':95,'special-defense':55,'special-attack':115,'defense':45,'attack':50,'hp':45}"
"94", "Gengar", "Ghost", "Poison", "http://vignette4.wikia.nocookie.net/nintendo/images/f/f8/Gengar.png/revision/latest?cb=20101120205715&path-prefix=en", "https://raw.githubusercontent.com/PokeAPI/sprites/master/sprites/pokemon/94.png", "{'speed':110,'special-defense':75,'special-attack':130,'defense':60,'attack':65,'hp':60}"
"95", "Onix", "Rock", "Ground", "http://vignette3.wikia.nocookie.net/nintendo/images/b/b2/Onix.png/revision/latest?cb=20141002083816&path-prefix=en", "https://raw.githubusercontent.com/PokeAPI/sprites/master/sprites/pokemon/95.png", "{'speed':70,'special-defense':45,'special-attack':30,'defense':160,'attack':45,'hp':35}"
"96", "Drowzee", "Psychic", "", "http://vignette3.wikia.nocookie.net/nintendo/images/5/5d/Drowzee.png/revision/latest?cb=20141002083845&path-prefix=en", "https://raw.githubusercontent.com/PokeAPI/sprites/master/sprites/pokemon/96.png", "{'speed':42,'special-defense':90,'special-attack':43,'defense':45,'attack':48,'hp':60}"
"97", "Hypno", "Psychic", "", "http://vignette1.wikia.nocookie.net/nintendo/images/0/0e/Hypno.png/revision/latest?cb=20141002083909&path-prefix=en", "https://raw.githubusercontent.com/PokeAPI/sprites/master/sprites/pokemon/97.png", "{'speed':67,'special-defense':115,'special-attack':73,'defense':70,'attack':73,'hp':85}"
"98", "Krabby", "Water", "", "http://vignette1.wikia.nocookie.net/nintendo/images/d/da/Krabby.png/revision/latest?cb=20141002083932&path-prefix=en", "https://raw.githubusercontent.com/PokeAPI/sprites/master/sprites/pokemon/98.png", "{'speed':50,'special-defense':25,'special-attack':25,'defense':90,'attack':105,'hp':30}"
"99", "Kingler", "Water", "", "http://vignette1.wikia.nocookie.net/nintendo/images/a/a4/Kingler.png/revision/latest?cb=20141002083955&path-prefix=en", "https://raw.githubusercontent.com/PokeAPI/sprites/master/sprites/pokemon/99.png", "{'speed':75,'special-defense':50,'special-attack':50,'defense':115,'attack':130,'hp':55}"
"100", "Voltorb", "Electric", "", "http://vignette1.wikia.nocookie.net/nintendo/images/8/80/Voltorb.png/revision/latest?cb=20141002084033&path-prefix=en", "https://raw.githubusercontent.com/PokeAPI/sprites/master/sprites/pokemon/100.png", "{'speed':100,'special-defense':55,'special-attack':55,'defense':50,'attack':30,'hp':40}"
"101", "Electrode", "Electric", "", "http://vignette4.wikia.nocookie.net/nintendo/images/5/52/Electrode.png/revision/latest?cb=20141002084112&path-prefix=en", "https://raw.githubusercontent.com/PokeAPI/sprites/master/sprites/pokemon/101.png", "{'speed':150,'special-defense':80,'special-attack':80,'defense':70,'attack':50,'hp':60}"
"102", "Exeggcute", "Grass", "Psychic", "http://vignette3.wikia.nocookie.net/nintendo/images/5/5f/Exeggcute.png/revision/latest?cb=20141002084139&path-prefix=en", "https://raw.githubusercontent.com/PokeAPI/sprites/master/sprites/pokemon/102.png", "{'speed':40,'special-defense':45,'special-attack':60,'defense':80,'attack':40,'hp':60}"
"103", "Exeggutor", "Grass", "Psychic", "http://vignette3.wikia.nocookie.net/nintendo/images/e/e0/Exeggutor.png/revision/latest?cb=20141002084212&path-prefix=en", "https://raw.githubusercontent.com/PokeAPI/sprites/master/sprites/pokemon/103.png", "{'speed':55,'special-defense':75,'special-attack':125,'defense':85,'attack':95,'hp':95}"
"104", "Cubone", "Ground", "", "http://vignette2.wikia.nocookie.net/nintendo/images/6/65/Cubone.png/revision/latest?cb=20141002084247&path-prefix=en", "https://raw.githubusercontent.com/PokeAPI/sprites/master/sprites/pokemon/104.png", "{'speed':35,'special-defense':50,'special-attack':40,'defense':95,'attack':50,'hp':50}"
"105", "Marowak", "Ground", "", "http://vignette1.wikia.nocookie.net/nintendo/images/c/c4/Marowak.png/revision/latest?cb=20160811131620&path-prefix=en", "https://raw.githubusercontent.com/PokeAPI/sprites/master/sprites/pokemon/105.png", "{'speed':45,'special-defense':80,'special-attack':50,'defense':110,'attack':80,'hp':60}"
"106", "Hitmonlee", "Fighting", "", "http://vignette1.wikia.nocookie.net/nintendo/images/0/0f/Hitmonlee.png/revision/latest?cb=20141002084340&path-prefix=en", "https://raw.githubusercontent.com/PokeAPI/sprites/master/sprites/pokemon/106.png", "{'speed':87,'special-defense':110,'special-attack':35,'defense':53,'attack':120,'hp':50}"
"107", "Hitmonchan", "Fighting", "", "http://vignette3.wikia.nocookie.net/nintendo/images/7/73/Hitmonchan.png/revision/latest?cb=20141002084407&path-prefix=en", "https://raw.githubusercontent.com/PokeAPI/sprites/master/sprites/pokemon/107.png", "{'speed':76,'special-defense':110,'special-attack':35,'defense':79,'attack':105,'hp':50}"
"108", "Lickitung", "Normal", "", "http://vignette4.wikia.nocookie.net/nintendo/images/a/ab/Lickitung.png/revision/latest?cb=20151020145904&path-prefix=en", "https://raw.githubusercontent.com/PokeAPI/sprites/master/sprites/pokemon/108.png", "{'speed':30,'special-defense':75,'special-attack':60,'defense':75,'attack':55,'hp':90}"
"109", "Koffing", "Poison", "", "http://vignette2.wikia.nocookie.net/nintendo/images/b/b2/Koffing.png/revision/latest?cb=20141002084455&path-prefix=en", "https://raw.githubusercontent.com/PokeAPI/sprites/master/sprites/pokemon/109.png", "{'speed':35,'special-defense':45,'special-attack':60,'defense':95,'attack':65,'hp':40}"
"110", "Weezing", "Poison", "", "http://vignette2.wikia.nocookie.net/nintendo/images/8/88/Weezing.png/revision/latest?cb=20141002084534&path-prefix=en", "https://raw.githubusercontent.com/PokeAPI/sprites/master/sprites/pokemon/110.png", "{'speed':60,'special-defense':70,'special-attack':85,'defense':120,'attack':90,'hp':65}"
"111", "Rhyhorn", "Ground", "Rock", "http://vignette3.wikia.nocookie.net/nintendo/images/3/36/Rhyhorn.png/revision/latest?cb=20141002084605&path-prefix=en", "https://raw.githubusercontent.com/PokeAPI/sprites/master/sprites/pokemon/111.png", "{'speed':25,'special-defense':30,'special-attack':30,'defense':95,'attack':85,'hp':80}"
"112", "Rhydon", "Ground", "Rock", "http://vignette2.wikia.nocookie.net/nintendo/images/0/01/Rhydon.png/revision/latest?cb=20141002084631&path-prefix=en", "https://raw.githubusercontent.com/PokeAPI/sprites/master/sprites/pokemon/112.png", "{'speed':40,'special-defense':45,'special-attack':45,'defense':120,'attack':130,'hp':105}"
"113", "Chansey", "Normal", "", "http://vignette3.wikia.nocookie.net/nintendo/images/2/2b/Chansey.png/revision/latest?cb=20151020145947&path-prefix=en", "https://raw.githubusercontent.com/PokeAPI/sprites/master/sprites/pokemon/113.png", "{'speed':50,'special-defense':105,'special-attack':35,'defense':5,'attack':5,'hp':250}"
"114", "Tangela", "Grass", "", "http://vignette1.wikia.nocookie.net/nintendo/images/0/03/Tangela.png/revision/latest?cb=20141002084736&path-prefix=en", "https://raw.githubusercontent.com/PokeAPI/sprites/master/sprites/pokemon/114.png", "{'speed':60,'special-defense':40,'special-attack':100,'defense':115,'attack':55,'hp':65}"
"115", "Kangaskhan", "Normal", "", "http://vignette2.wikia.nocookie.net/nintendo/images/3/39/Kangaskhan.png/revision/latest?cb=20141002084802&path-prefix=en", "https://raw.githubusercontent.com/PokeAPI/sprites/master/sprites/pokemon/115.png", "{'speed':90,'special-defense':80,'special-attack':40,'defense':80,'attack':95,'hp':105}"
"116", "Horsea", "Water", "", "http://vignette2.wikia.nocookie.net/nintendo/images/6/6c/Horsea.png/revision/latest?cb=20141002084822&path-prefix=en", "https://raw.githubusercontent.com/PokeAPI/sprites/master/sprites/pokemon/116.png", "{'speed':60,'special-defense':25,'special-attack':70,'defense':70,'attack':40,'hp':30}"
"117", "Seadra", "Water", "", "http://vignette2.wikia.nocookie.net/nintendo/images/2/2d/Seadra.png/revision/latest?cb=20141002084848&path-prefix=en", "https://raw.githubusercontent.com/PokeAPI/sprites/master/sprites/pokemon/117.png", "{'speed':85,'special-defense':45,'special-attack':95,'defense':95,'attack':65,'hp':55}"
"118", "Goldeen", "Water", "", "http://vignette1.wikia.nocookie.net/nintendo/images/9/99/Goldeen.png/revision/latest?cb=20141002084909&path-prefix=en", "https://raw.githubusercontent.com/PokeAPI/sprites/master/sprites/pokemon/118.png", "{'speed':63,'special-defense':50,'special-attack':35,'defense':60,'attack':67,'hp':45}"
"119", "Seaking", "Water", "", "http://vignette1.wikia.nocookie.net/nintendo/images/8/8b/Seaking.png/revision/latest?cb=20141002084930&path-prefix=en", "https://raw.githubusercontent.com/PokeAPI/sprites/master/sprites/pokemon/119.png", "{'speed':68,'special-defense':80,'special-attack':65,'defense':65,'attack':92,'hp':80}"
"120", "Staryu", "Water", "", "http://vignette3.wikia.nocookie.net/nintendo/images/e/e8/Staryu.png/revision/latest?cb=20151018131524&path-prefix=en", "https://raw.githubusercontent.com/PokeAPI/sprites/master/sprites/pokemon/120.png", "{'speed':85,'special-defense':55,'special-attack':70,'defense':55,'attack':45,'hp':30}"
"121", "Starmie", "Water", "Psychic", "http://vignette1.wikia.nocookie.net/nintendo/images/5/56/Starmie.png/revision/latest?cb=20141002085024&path-prefix=en", "https://raw.githubusercontent.com/PokeAPI/sprites/master/sprites/pokemon/121.png", "{'speed':115,'special-defense':85,'special-attack':100,'defense':85,'attack':75,'hp':60}"
"122", "Mr-mime", "Psychic", "Fairy", "http://vignette3.wikia.nocookie.net/nintendo/images/9/93/Mr_Mime.png/revision/latest?cb=20141002085048&path-prefix=en", "https://raw.githubusercontent.com/PokeAPI/sprites/master/sprites/pokemon/122.png", "{'speed':90,'special-defense':120,'special-attack':100,'defense':65,'attack':45,'hp':40}"
"123", "Scyther", "Bug", "Flying", "http://vignette3.wikia.nocookie.net/nintendo/images/c/c2/Scyther.png/revision/latest?cb=20141002085118&path-prefix=en", "https://raw.githubusercontent.com/PokeAPI/sprites/master/sprites/pokemon/123.png", "{'speed':105,'special-defense':80,'special-attack':55,'defense':80,'attack':110,'hp':70}"
"124", "Jynx", "Ice", "Psychic", "http://vignette3.wikia.nocookie.net/nintendo/images/e/e2/Jynx.png/revision/latest?cb=20141002085139&path-prefix=en", "https://raw.githubusercontent.com/PokeAPI/sprites/master/sprites/pokemon/124.png", "{'speed':95,'special-defense':95,'special-attack':115,'defense':35,'attack':50,'hp':65}"
"125", "Electabuzz", "Electric", "", "http://vignette2.wikia.nocookie.net/nintendo/images/3/3a/Electabuzz.png/revision/latest?cb=20141002085200&path-prefix=en", "https://raw.githubusercontent.com/PokeAPI/sprites/master/sprites/pokemon/125.png", "{'speed':105,'special-defense':85,'special-attack':95,'defense':57,'attack':83,'hp':65}"
"126", "Magmar", "Fire", "", "http://vignette4.wikia.nocookie.net/nintendo/images/4/46/Magmar.png/revision/latest?cb=20141002085225&path-prefix=en", "https://raw.githubusercontent.com/PokeAPI/sprites/master/sprites/pokemon/126.png", "{'speed':93,'special-defense':85,'special-attack':100,'defense':57,'attack':95,'hp':65}"
"127", "Pinsir", "Bug", "", "http://vignette1.wikia.nocookie.net/nintendo/images/b/b4/Pinsir.png/revision/latest?cb=20141002085247&path-prefix=en", "https://raw.githubusercontent.com/PokeAPI/sprites/master/sprites/pokemon/127.png", "{'speed':85,'special-defense':70,'special-attack':55,'defense':100,'attack':125,'hp':65}"
"128", "Tauros", "Normal", "", "http://vignette3.wikia.nocookie.net/nintendo/images/9/98/Tauros.png/revision/latest?cb=20141002085311&path-prefix=en", "https://raw.githubusercontent.com/PokeAPI/sprites/master/sprites/pokemon/128.png", "{'speed':110,'special-defense':70,'special-attack':40,'defense':95,'attack':100,'hp':75}"
"129", "Magikarp", "Water", "", "http://vignette2.wikia.nocookie.net/nintendo/images/0/01/Magikarp.png/revision/latest?cb=20141002085333&path-prefix=en", "https://raw.githubusercontent.com/PokeAPI/sprites/master/sprites/pokemon/129.png", "{'speed':80,'special-defense':20,'special-attack':15,'defense':55,'attack':10,'hp':20}"
"130", "Gyarados", "Water", "Flying", "http://vignette2.wikia.nocookie.net/nintendo/images/d/d7/Gyarados.png/revision/latest?cb=20141002085357&path-prefix=en", "https://raw.githubusercontent.com/PokeAPI/sprites/master/sprites/pokemon/130.png", "{'speed':81,'special-defense':100,'special-attack':60,'defense':79,'attack':125,'hp':95}"
"131", "Lapras", "Water", "Ice", "http://vignette1.wikia.nocookie.net/nintendo/images/3/30/Lapras.png/revision/latest?cb=20141002085417&path-prefix=en", "https://raw.githubusercontent.com/PokeAPI/sprites/master/sprites/pokemon/131.png", "{'speed':60,'special-defense':95,'special-attack':85,'defense':80,'attack':85,'hp':130}"
"132", "Ditto", "Normal", "", "http://vignette1.wikia.nocookie.net/nintendo/images/0/03/Ditto.png/revision/latest?cb=20141002085455&path-prefix=en", "https://raw.githubusercontent.com/PokeAPI/sprites/master/sprites/pokemon/132.png", "{'speed':48,'special-defense':48,'special-attack':48,'defense':48,'attack':48,'hp':48}"
"133", "Eevee", "Normal", "", "http://vignette4.wikia.nocookie.net/nintendo/images/f/f2/Eevee.png/revision/latest?cb=20141002085518&path-prefix=en", "https://raw.githubusercontent.com/PokeAPI/sprites/master/sprites/pokemon/133.png", "{'speed':55,'special-defense':65,'special-attack':45,'defense':50,'attack':55,'hp':55}"
"134", "Vaporeon", "Water", "", "http://vignette4.wikia.nocookie.net/nintendo/images/f/fc/Vaporeon.png/revision/latest?cb=20141002085541&path-prefix=en", "https://raw.githubusercontent.com/PokeAPI/sprites/master/sprites/pokemon/134.png", "{'speed':65,'special-defense':95,'special-attack':110,'defense':60,'attack':65,'hp':130}"
"135", "Jolteon", "Electric", "", "http://vignette4.wikia.nocookie.net/nintendo/images/1/1e/Jolteon.png/revision/latest?cb=20141002085611&path-prefix=en", "https://raw.githubusercontent.com/PokeAPI/sprites/master/sprites/pokemon/135.png", "{'speed':130,'special-defense':95,'special-attack':110,'defense':60,'attack':65,'hp':65}"
"136", "Flareon", "Fire", "", "http://vignette3.wikia.nocookie.net/nintendo/images/1/17/Flareon.png/revision/latest?cb=20141002085639&path-prefix=en", "https://raw.githubusercontent.com/PokeAPI/sprites/master/sprites/pokemon/136.png", "{'speed':65,'special-defense':110,'special-attack':95,'defense':60,'attack':130,'hp':65}"
"137", "Porygon", "Normal", "", "http://vignette3.wikia.nocookie.net/nintendo/images/2/2d/Porygon.png/revision/latest?cb=20160708135007&path-prefix=en", "https://raw.githubusercontent.com/PokeAPI/sprites/master/sprites/pokemon/137.png", "{'speed':40,'special-defense':75,'special-attack':85,'defense':70,'attack':60,'hp':65}"
"138", "Omanyte", "Rock", "Water", "http://vignette1.wikia.nocookie.net/nintendo/images/a/a4/Omanyte.png/revision/latest?cb=20141002085825&path-prefix=en", "https://raw.githubusercontent.com/PokeAPI/sprites/master/sprites/pokemon/138.png", "{'speed':35,'special-defense':55,'special-attack':90,'defense':100,'attack':40,'hp':35}"
"139", "Omastar", "Rock", "Water", "http://vignette3.wikia.nocookie.net/nintendo/images/9/97/Omastar.png/revision/latest?cb=20141002085852&path-prefix=en", "https://raw.githubusercontent.com/PokeAPI/sprites/master/sprites/pokemon/139.png", "{'speed':55,'special-defense':70,'special-attack':115,'defense':125,'attack':60,'hp':70}"
"140", "Kabuto", "Rock", "Water", "http://vignette1.wikia.nocookie.net/nintendo/images/a/a1/Kabuto.png/revision/latest?cb=20141002085914&path-prefix=en", "https://raw.githubusercontent.com/PokeAPI/sprites/master/sprites/pokemon/140.png", "{'speed':55,'special-defense':45,'special-attack':55,'defense':90,'attack':80,'hp':30}"
"141", "Kabutops", "Rock", "Water", "http://vignette1.wikia.nocookie.net/nintendo/images/7/72/Kabutops.png/revision/latest?cb=20141002085942&path-prefix=en", "https://raw.githubusercontent.com/PokeAPI/sprites/master/sprites/pokemon/141.png", "{'speed':80,'special-defense':70,'special-attack':65,'defense':105,'attack':115,'hp':60}"
"142", "Aerodactyl", "Rock", "Flying", "http://vignette1.wikia.nocookie.net/nintendo/images/e/e6/Aerodactyl.png/revision/latest?cb=20141002090004&path-prefix=en", "https://raw.githubusercontent.com/PokeAPI/sprites/master/sprites/pokemon/142.png", "{'speed':130,'special-defense':75,'special-attack':60,'defense':65,'attack':105,'hp':80}"
"143", "Snorlax", "Normal", "", "http://vignette1.wikia.nocookie.net/nintendo/images/0/0b/Snorlax.png/revision/latest?cb=20141002090028&path-prefix=en", "https://raw.githubusercontent.com/PokeAPI/sprites/master/sprites/pokemon/143.png", "{'speed':30,'special-defense':110,'special-attack':65,'defense':65,'attack':110,'hp':160}"
"144", "Articuno", "Ice", "Flying", "http://vignette1.wikia.nocookie.net/nintendo/images/5/52/Articuno.png/revision/latest?cb=20141002090055&path-prefix=en", "https://raw.githubusercontent.com/PokeAPI/sprites/master/sprites/pokemon/144.png", "{'speed':85,'special-defense':125,'special-attack':95,'defense':100,'attack':85,'hp':90}"
"145", "Zapdos", "Electric", "Flying", "http://vignette2.wikia.nocookie.net/nintendo/images/d/d8/Zapdos.png/revision/latest?cb=20141002090124&path-prefix=en", "https://raw.githubusercontent.com/PokeAPI/sprites/master/sprites/pokemon/145.png", "{'speed':100,'special-defense':90,'special-attack':125,'defense':85,'attack':90,'hp':90}"
"146", "Moltres", "Fire", "Flying", "http://vignette2.wikia.nocookie.net/nintendo/images/0/01/Moltres.png/revision/latest?cb=20141002090414&path-prefix=en", "https://raw.githubusercontent.com/PokeAPI/sprites/master/sprites/pokemon/146.png", "{'speed':90,'special-defense':85,'special-attack':125,'defense':90,'attack':100,'hp':90}"
"147", "Dratini", "Dragon", "", "http://vignette3.wikia.nocookie.net/nintendo/images/9/99/Dratini.png/revision/latest?cb=20160226131111&path-prefix=en", "https://raw.githubusercontent.com/PokeAPI/sprites/master/sprites/pokemon/147.png", "{'speed':50,'special-defense':50,'special-attack':50,'defense':45,'attack':64,'hp':41}"
"148", "Dragonair", "Dragon", "", "http://vignette1.wikia.nocookie.net/nintendo/images/5/5a/Dragonair.png/revision/latest?cb=20141002090319&path-prefix=en", "https://raw.githubusercontent.com/PokeAPI/sprites/master/sprites/pokemon/148.png", "{'speed':70,'special-defense':70,'special-attack':70,'defense':65,'attack':84,'hp':61}"
"149", "Dragonite", "Dragon", "Flying", "http://vignette2.wikia.nocookie.net/nintendo/images/a/a6/Dragonite.png/revision/latest?cb=20141002090341&path-prefix=en", "https://raw.githubusercontent.com/PokeAPI/sprites/master/sprites/pokemon/149.png", "{'speed':80,'special-defense':100,'special-attack':100,'defense':95,'attack':134,'hp':91}"
"150", "Mewtwo", "Psychic", "", "http://vignette3.wikia.nocookie.net/nintendo/images/d/d3/Mewtwo.png/revision/latest?cb=20141002090451&path-prefix=en", "https://raw.githubusercontent.com/PokeAPI/sprites/master/sprites/pokemon/150.png", "{'speed':130,'special-defense':90,'special-attack':154,'defense':90,'attack':110,'hp':106}"
"151", "Mew", "Psychic", "", "http://vignette3.wikia.nocookie.net/nintendo/images/b/bf/Mew.png/revision/latest?cb=20141002090523&path-prefix=en", "https://raw.githubusercontent.com/PokeAPI/sprites/master/sprites/pokemon/151.png", "{'speed':100,'special-defense':100,'special-attack':100,'defense':100,'attack':100,'hp':100}"
